observed,nn,random_mean
397.46629547953466,69.7724976179373,432.87277833783344
