obs_len,nn_len,tsp_len,perm_mean,perm_std,n_cells
263.3009415452702,57.594568553550985,,337.2348088982106,12.977718965400094,115
