{
  "gini": 0.5057244444444444,
  "center_vs_periphery": {
    "center_avg": 55.958333333333336,
    "periphery_avg": 88.66666666666667,
    "center_count": 24,
    "periph_count": 6
  },
  "feeding_by_distance": {
    "dist_0_0.12_0.33": 24.25,
    "dist_1_0.33_0.53": 39.166666666666664,
    "dist_2_0.53_0.73": 56.6,
    "dist_3_0.73_0.94": 105.16666666666667,
    "dist_4_0.94_1.14": 108.33333333333333
  },
  "total_feeds": 1875,
  "avg_feeds_per_larva": 62.5,
  "hungry_ignored_count": 0,
  "redundant_feed_count": 0,
  "total_bouts_completed": 55
}