{
  "gini": 0.5486441194393663,
  "center_vs_periphery": {
    "center_avg": 33.03125,
    "periphery_avg": 73.0,
    "center_count": 64,
    "periph_count": 16
  },
  "feeding_by_distance": {
    "dist_0_0.06_0.50": 25.0,
    "dist_1_0.50_0.94": 25.653846153846153,
    "dist_2_0.94_1.38": 46.333333333333336,
    "dist_3_1.38_1.82": 73.5625,
    "dist_4_1.82_2.27": 24.25
  },
  "total_feeds": 3282,
  "avg_feeds_per_larva": 41.025,
  "hungry_ignored_count": 0,
  "redundant_feed_count": 0,
  "total_bouts_completed": 60
}