{
  "gini": 0.4800738007380072,
  "center_vs_periphery": {
    "center_avg": 55.166666666666664,
    "periphery_avg": 95.5,
    "center_count": 24,
    "periph_count": 6
  },
  "feeding_by_distance": {
    "dist_0_0.12_0.33": 37.25,
    "dist_1_0.33_0.53": 37.666666666666664,
    "dist_2_0.53_0.73": 47.8,
    "dist_3_0.73_0.94": 123.0,
    "dist_4_0.94_1.14": 92.66666666666667
  },
  "total_feeds": 1897,
  "avg_feeds_per_larva": 63.233333333333334,
  "hungry_ignored_count": 0,
  "redundant_feed_count": 0,
  "total_bouts_completed": 45
}