{
  "gini": 0.5703095147115016,
  "center_vs_periphery": {
    "center_avg": 39.125,
    "periphery_avg": 105.2,
    "center_count": 40,
    "periph_count": 10
  },
  "feeding_by_distance": {
    "dist_0_0.21_0.51": 30.714285714285715,
    "dist_1_0.51_0.80": 25.6875,
    "dist_2_0.80_1.09": 60.93333333333333,
    "dist_3_1.09_1.38": 112.42857142857143,
    "dist_4_1.38_1.68": 71.25
  },
  "total_feeds": 2617,
  "avg_feeds_per_larva": 52.34,
  "hungry_ignored_count": 0,
  "redundant_feed_count": 0,
  "total_bouts_completed": 42
}