{
  "gini": 0.5331645569620254,
  "center_vs_periphery": {
    "center_avg": 23.1875,
    "periphery_avg": 104.75,
    "center_count": 16,
    "periph_count": 4
  },
  "feeding_by_distance": {
    "dist_0_0.20_0.32": 15.5,
    "dist_1_0.32_0.44": 19.666666666666668,
    "dist_2_0.44_0.56": 25.8,
    "dist_3_0.56_0.67": 30.25,
    "dist_4_0.67_0.79": 34.333333333333336
  },
  "total_feeds": 790,
  "avg_feeds_per_larva": 39.5,
  "hungry_ignored_count": 0,
  "redundant_feed_count": 0,
  "total_bouts_completed": 37
}