{
  "gini": 0.546047215496368,
  "center_vs_periphery": {
    "center_avg": 19.546875,
    "periphery_avg": 50.875,
    "center_count": 64,
    "periph_count": 16
  },
  "feeding_by_distance": {
    "dist_0_0.06_0.50": 13.555555555555555,
    "dist_1_0.50_0.94": 13.692307692307692,
    "dist_2_0.94_1.38": 29.541666666666668,
    "dist_3_1.38_1.82": 50.0625,
    "dist_4_1.82_2.27": 17.25
  },
  "total_feeds": 2065,
  "avg_feeds_per_larva": 25.8125,
  "hungry_ignored_count": 0,
  "redundant_feed_count": 0,
  "total_bouts_completed": 54
}