{
  "gini": 0.49159090909090897,
  "center_vs_periphery": {
    "center_avg": 19.375,
    "periphery_avg": 45.7,
    "center_count": 40,
    "periph_count": 10
  },
  "feeding_by_distance": {
    "dist_0_0.21_0.51": 19.428571428571427,
    "dist_1_0.51_0.80": 14.75,
    "dist_2_0.80_1.09": 25.533333333333335,
    "dist_3_1.09_1.38": 48.57142857142857,
    "dist_4_1.38_1.68": 32.0
  },
  "total_feeds": 1232,
  "avg_feeds_per_larva": 24.64,
  "hungry_ignored_count": 0,
  "redundant_feed_count": 0,
  "total_bouts_completed": 41
}